ПІБ,Пільги,Бал з математики,Бал з англійської,Бал з української,Рейтинг
Олена Неборачко,False,193,189,199,193.6
Ярослава Алібіба,False,197,182,199,193.1
Ігор Вікторіїш,False,196,188,194,193.0
Марія Ярославіш,False,177,198,198,189.6
Ірина Наталіїш,False,181,198,191,189.10000000000002
Тетяна Михайлиш,False,183,198,187,188.7
Сергій Дмитріш,False,185,184,196,188.0
Тетяна Катериниш,False,177,194,196,187.8
Ніна Софіїш,False,197,181,182,187.70000000000002
Вікторія Катериниш,False,197,174,189,187.7
Ірина Олександріш,False,193,191,175,187.0
Ганна Лідіїш,False,192,189,169,184.2
Володимир Лідіїш,False,198,192,155,183.3
Іванна Вікторіїш,False,184,199,166,183.10000000000002
Володимир Артеміш,False,186,183,177,182.4
Дмитро Анатоліїш,False,188,160,197,182.3
Лідія Сергіїш,False,172,184,194,182.2
Максим Вікторіш,False,186,195,164,182.1
Іван Вікторіїш,False,200,191,149,182.0
Катерина Ганниш,False,188,197,158,181.70000000000002
Михайло Ніниш,False,179,171,196,181.7
Сергій Ганниш,False,195,182,162,181.2
Роман Ганниш,False,188,159,194,181.1
Ольга Ніниш,False,164,187,195,180.20000000000002
Тарас Ярославіш,False,167,179,199,180.2
Юлія Лідіїш,False,196,183,155,179.8
Іванна Ковтун,False,177,170,193,179.7
Артем Олексіїш,False,179,161,198,179.3
Ганна Олексіїш,False,166,195,181,179.2
Юлія Софіїш,False,199,178,154,179.2
Тарас Максиміш,False,189,168,177,179.1
Анастасія Михайлиш,False,162,188,193,179.1
Людмила Анатоліїш,False,192,159,181,178.8
Оксана Ганниш,False,192,151,189,178.8
Дмитро Богданіш,False,191,193,148,178.70000000000002
Володимир Тарасіш,True,187,155,191,178.6
Оксана Олениш,False,195,162,173,178.5
Іванна Романіш,False,175,178,183,178.3
Лідія Ігоріш,True,192,199,139,178.2
Олександр Іваниш,False,170,174,193,178.1
Олексій Маріїш,False,174,185,176,177.9
Віктор Андріїш,False,162,178,199,177.89999999999998
Михайло Ілляш,False,182,154,196,177.8
Дмитро Алібіба,False,181,196,155,177.7
Дмитро Людмилиш,True,166,174,197,177.7
Ілля Артеміш,False,189,154,186,177.60000000000002
Ярослава Тетяниш,True,199,175,151,177.40000000000003
Катерина Петріш,False,196,156,174,177.4
Марія Вікторіш,False,145,199,199,177.39999999999998
Ярослав Дмитріш,True,187,193,149,177.39999999999998
Тетяна Тарасіш,False,174,186,173,177.3
Іван Вікторіш,False,199,187,138,177.10000000000002
Іван Катериниш,True,154,192,193,177.1
Тетяна Іваниш,True,195,182,148,177.0
Ганна Ілляш,True,173,161,198,176.9
Тетяна Дмитріш,False,178,176,176,176.8
Ганна Вікторіш,True,154,195,189,176.79999999999998
Анастасія Богданіш,False,173,190,168,176.6
Анатолій Ігоріш,True,176,154,200,176.6
Володимир Романіш,True,182,197,149,176.59999999999997
Ганна Анниш,False,178,178,173,176.5
Ольга Вікторіш,True,181,166,181,176.5
Вікторія Наталіїш,True,199,136,187,176.5
Анна Дмитришенко,True,182,180,165,176.3
Софія Ковтун,False,196,129,197,176.2
Ярослав Олениш,False,163,175,195,176.2
Олексій Катериниш,True,171,165,194,176.1
Софія Наталіїш,True,149,190,198,176.0
Михайло Ганниш,True,190,193,140,175.9
Юлія Олексіїш,True,164,191,176,175.7
Людмила Ярославіш,False,178,186,162,175.6
Тетяна Артеміш,True,168,170,191,175.5
Андрій Софіїш,False,182,174,168,175.4
Іван Маріїш,False,170,173,185,175.4
Ніна Ганниш,True,173,170,184,175.4
Максим Наталіїш,True,172,190,165,175.3
Ірина Анниш,False,181,178,165,175.3
Віктор Лідіїш,False,145,197,194,175.29999999999998
Ярослав Загвойко,False,159,183,189,175.2
Петро Ярославіш,False,178,153,193,175.0
Павло Володимириш,False,178,168,178,175.0
Андрій Маріїш,True,198,186,133,174.9
Ірина Вікторіїш,True,156,177,198,174.9
Катерина Неборачко,True,177,189,158,174.9
Володимир Алібіба,False,168,171,188,174.9
Ігор Ярославиш,True,155,187,189,174.79999999999998
Ярослав Ніниш,False,199,166,151,174.7
Ярослав Лідіїш,False,172,160,193,174.7
Андрій Михайлиш,True,157,177,196,174.7
Софія Олениш,True,195,143,179,174.6
Анна Петріш,False,183,143,195,174.6
Людмила Олегіш,False,163,173,191,174.39999999999998
Роман Анниш,True,152,191,187,174.2
Олена Андріїш,True,197,197,121,174.2
Анастасія Олениш,True,172,180,171,174.1
Юлія Катериниш,False,198,163,153,174.0
Анна Анатоліїш,True,161,186,179,173.9
Максим Михайлиш,True,166,193,165,173.8
Іван Анниш,True,148,197,185,173.8
Максим Вікторіїш,True,168,173,182,173.7
Володимир Ганниш,False,164,169,191,173.60000000000002
Ганна Наталіїш,False,161,190,174,173.6
Тетяна Ганниш,False,188,166,162,173.6
Анна Алібіба,True,155,189,183,173.6
Олексій Тарасіш,False,200,172,140,173.6
Богдан Ілляш,True,191,145,179,173.6
Олена Володимириш,True,187,172,157,173.5
Лідія Дмитріш,True,178,191,150,173.5
Марія Анниш,False,156,182,188,173.4
Павло Вікторіш,True,162,163,199,173.39999999999998
Вікторія Софіїш,False,194,156,163,173.3
Вікторія Олегіш,False,188,160,167,173.3
Анастасія Олександріш,True,199,125,187,173.20000000000002
Олена Сергіїш,False,198,137,176,173.10000000000002
Ганна Ніниш,False,192,189,132,173.1
Іванна Лідіїш,True,187,175,152,172.9
Сергій Володимириш,True,151,184,191,172.89999999999998
Вікторія Романіш,False,193,142,176,172.60000000000002
Дмитро Володимириш,True,189,158,165,172.5
Роман Людмилиш,True,197,125,187,172.4
Ірина Алібіба,True,155,171,197,172.39999999999998
Наталія Алібіба,False,160,168,193,172.3
Анна Володимириш,False,187,188,137,172.29999999999998
Петро Ганниш,True,172,146,199,172.29999999999998
Павло Тетяниш,True,195,150,164,172.2
Оксана Артеміш,True,173,192,151,172.1
Максим Тарасіш,False,162,200,157,171.9
Павло Михайлиш,True,162,166,191,171.89999999999998
Дмитро Ярославіш,False,197,163,147,171.8
Лідія Маріїш,True,158,184,177,171.5
Олексій Наталіїш,True,185,179,146,171.5
Олексій Михайлиш,True,200,122,183,171.5
Юлія Ілляш,True,166,172,178,171.4
Михайло Артеміш,True,145,199,179,171.39999999999998
Ольга Ганниш,True,150,179,192,171.29999999999998
Ольга Ковтун,True,191,141,175,171.2
Софія Неборачко,True,178,200,133,171.1
Ірина Олегіш,True,199,151,154,171.1
Ніна Тетяниш,False,181,146,183,171.1
Наталія Маріїш,True,165,190,160,171.0
Лідія Оксаниш,False,159,180,178,171.0
Ілля Олексіїш,True,183,158,168,171.0
Олег Катериниш,True,161,155,200,170.9
Андрій Романіш,False,140,185,198,170.9
Оксана Алібіба,False,185,158,165,170.9
Людмила Товтиш,False,179,138,193,170.9
Тетяна Вікторіш,False,149,189,182,170.9
Ніна Олександріш,True,185,139,184,170.89999999999998
Олексій Дмитришенко,False,154,175,189,170.79999999999998
Катерина Дмитріш,False,171,146,195,170.7
Андрій Олександріш,False,180,181,148,170.7
Наталія Олениш,False,150,174,195,170.7
Ольга Дмитріш,False,195,108,200,170.4
Вікторія Неборачко,True,194,153,156,170.3
Сергій Лідіїш,False,191,199,114,170.29999999999998
Анна Олегіш,True,190,144,170,170.2
Ольга Вікторіїш,True,178,194,136,170.2
Анатолій Максиміш,False,192,126,185,170.10000000000002
Дмитро Софіїш,False,186,165,154,170.1
Тетяна Ніниш,False,170,186,154,170.0
Ольга Лідіїш,True,172,163,173,169.6
Олена Дмитришенко,True,151,189,175,169.6
Іван Людмилиш,False,154,167,193,169.6
Олена Маріїш,True,192,161,148,169.5
Артем Богданіш,True,189,118,195,169.5
Софія Тетяниш,True,183,127,194,169.5
Катерина Богданіш,True,179,146,180,169.4
Артем Наталіїш,False,199,117,182,169.3
Юлія Вікторіїш,True,188,198,115,169.1
Ігор Катериниш,True,191,181,128,169.1
Оксана Олегіш,True,184,197,121,169.0
Ганна Романіш,False,196,165,137,169.0
Катерина Товтиш,False,187,149,165,169.0
Оксана Наталіїш,False,171,157,178,168.9
Андрій Дмитришенко,True,186,122,193,168.9
Дмитро Іванниш,True,198,183,116,168.89999999999998
Лідія Володимириш,False,164,180,164,168.8
Тетяна Олексіїш,True,188,194,118,168.8
Ірина Сергіїш,False,181,168,153,168.70000000000002
Оксана Ярославіш,True,169,137,200,168.70000000000002
Ілля Андріїш,True,190,152,157,168.7
Вікторія Ковтун,True,172,154,179,168.7
Сергій Ярославиш,False,181,136,185,168.7
Іван Романіш,False,193,141,164,168.7
Ірина Артеміш,False,163,150,195,168.7
Максим Петріш,True,183,185,133,168.6
Сергій Максиміш,True,196,148,152,168.4
Юлія Романіш,True,181,130,190,168.4
Віктор Загвойко,True,163,197,147,168.4
Андрій Ярославиш,True,195,180,121,168.3
Олександр Анатоліїш,True,200,103,191,168.2
Олександр Катериниш,False,186,119,193,168.0
Богдан Петріш,False,162,191,153,168.0
Юлія Загвойко,False,159,192,156,168.0
Ганна Ковтун,True,158,192,157,167.9
Дмитро Ілляш,False,146,183,182,167.9
Богдан Максиміш,True,177,192,131,167.7
Тарас Іванниш,True,179,190,130,167.60000000000002
Ярослава Артеміш,False,188,197,111,167.60000000000002
Роман Анатоліїш,False,155,185,167,167.6
Тетяна Алібіба,False,200,120,172,167.6
Ігор Максиміш,True,190,129,176,167.5
Андрій Дмитріш,True,172,137,192,167.5
Дмитро Катериниш,True,171,152,178,167.4
Катерина Романіш,False,168,196,138,167.4
Марія Ігоріш,False,177,199,123,167.4
Ніна Ілляш,True,194,138,161,167.3
Віктор Людмилиш,True,185,150,161,167.3
Наталія Анатоліїш,False,149,169,190,167.3
Ярослав Анатоліїш,True,188,148,159,167.29999999999998
Вікторія Маріїш,True,193,118,182,167.2
Лідія Анниш,False,187,134,174,167.2
Петро Олегіш,False,194,138,160,167.0
Ірина Софіїш,False,155,166,184,167.0
Артем Оксаниш,True,140,171,199,167.0
Ігор Оксаниш,True,151,176,179,166.9
Анастасія Ярославиш,False,181,126,189,166.9
Олександр Вікторіїш,True,187,155,152,166.9
Іванна Вікторіш,False,189,157,147,166.8
Тетяна Дмитришенко,False,194,184,113,166.70000000000002
Ганна Іриниш,True,182,172,141,166.7
Ігор Іриниш,True,180,160,155,166.5
Іванна Ігоріш,True,195,173,122,166.5
Лідія Лідіїш,True,152,176,176,166.39999999999998
Олег Оксаниш,False,173,148,176,166.39999999999998
Володимир Петріш,True,180,118,196,166.2
Петро Олениш,False,188,192,111,166.10000000000002
Роман Товтиш,False,194,176,119,166.1
Оксана Товтиш,True,140,183,184,166.1
Софія Сергіїш,False,197,149,142,166.1
Ігор Наталіїш,False,145,196,164,166.0
Роман Іваниш,False,166,141,191,166.0
Ілля Маріїш,True,191,130,168,165.8
Юлія Ярославіш,False,164,188,146,165.8
Роман Тетяниш,True,167,140,190,165.8
Лідія Максиміш,True,182,118,192,165.79999999999998
Олександр Олексіїш,False,198,187,101,165.60000000000002
Ольга Катериниш,True,180,149,163,165.6
Людмила Михайлиш,False,165,137,195,165.6
Марта Ігоріш,False,191,139,158,165.5
Олена Ковтун,False,194,108,185,165.5
Артем Вікторіш,False,179,191,122,165.5
Віктор Вікторіш,False,194,112,181,165.5
Ганна Дмитріш,False,164,139,194,165.5
Ілля Лідіїш,True,154,188,158,165.4
Віктор Тетяниш,True,143,167,193,165.20000000000002
Іван Богданіш,False,175,156,161,165.1
Лідія Іриниш,False,160,141,196,165.1
Людмила Катериниш,True,186,192,110,165.0
Марта Іванниш,True,195,161,129,165.0
Ніна Олениш,False,176,161,154,164.9
Павло Лідіїш,True,188,108,191,164.89999999999998
Ніна Дмитріш,False,170,179,144,164.89999999999998
Богдан Володимириш,False,181,165,143,164.8
Іванна Володимириш,False,169,124,200,164.8
Тарас Андріїш,False,148,170,182,164.8
Катерина Тетяниш,False,157,176,164,164.79999999999998
Тарас Ніниш,False,187,151,149,164.79999999999998
Олексій Максиміш,False,162,144,189,164.7
Вікторія Ярославиш,True,198,140,145,164.7
Лідія Неборачко,True,176,155,159,164.6
Ірина Оксаниш,False,151,158,189,164.5
Юлія Маріїш,True,169,132,191,164.5
Олег Наталіїш,False,196,132,155,164.5
Олена Олексіїш,True,171,125,195,164.4
Михайло Катериниш,True,153,188,156,164.39999999999998
Марія Людмилиш,False,152,150,195,164.3
Ярослав Іванниш,True,197,174,111,164.3
Петро Анатоліїш,False,149,170,179,164.29999999999998
Ілля Іваниш,False,149,180,169,164.29999999999998
Тарас Сергіїш,True,142,160,198,164.20000000000002
Віктор Михайлиш,True,160,160,174,164.2
Роман Дмитришенко,True,172,123,195,164.2
Тетяна Людмилиш,True,196,146,140,164.2
Павло Ігоріш,True,195,175,112,164.1
Іван Ярославиш,False,161,149,183,164.0
Катерина Іванниш,False,185,128,172,164.0
Павло Ілляш,False,196,116,169,163.9
Анатолій Богданіш,True,159,141,193,163.8
Юлія Товтиш,False,147,184,166,163.8
Володимир Олексіїш,False,149,186,161,163.7
Тетяна Неборачко,True,170,168,151,163.7
Марія Богданіш,False,144,155,198,163.5
Вікторія Олександріш,True,153,161,180,163.5
Оксана Дмитришенко,False,186,181,116,163.5
Анатолій Алібіба,True,180,181,124,163.5
Богдан Ігоріш,False,179,120,186,163.4
Павло Анниш,True,176,153,157,163.4
Ярослав Людмилиш,False,164,185,141,163.4
Андрій Анниш,False,151,165,178,163.3
Петро Наталіїш,True,157,186,149,163.29999999999998
Оксана Анниш,True,168,147,173,163.20000000000002
Максим Олександріш,False,183,160,140,163.2
Софія Олексіїш,False,197,165,116,163.10000000000002
Ігор Дмитріш,True,152,184,157,163.1
Ніна Ковтун,False,199,144,134,163.0
Ілля Дмитришенко,False,145,155,195,163.0
Олена Ілляш,False,199,143,135,163.0
Іванна Олександріш,True,145,199,151,163.0
Анастасія Тарасіш,True,192,155,132,162.9
Олена Олександріш,False,192,105,182,162.9
Олексій Андріїш,False,181,113,188,162.70000000000002
Наталія Олександріш,True,168,143,175,162.6
Сергій Іванниш,False,141,165,189,162.6
Тарас Ковтун,True,161,189,138,162.5
Юлія Людмилиш,False,176,182,125,162.5
Анатолій Іриниш,True,182,120,179,162.5
Марта Дмитріш,False,171,123,190,162.3
Марта Сергіїш,False,162,167,158,162.3
Анатолій Катериниш,False,168,161,156,162.3
Марія Сергіїш,True,141,154,199,162.29999999999998
Тарас Дмитришенко,True,147,176,169,162.29999999999998
Лідія Товтиш,False,197,155,123,162.20000000000002
Тарас Маріїш,True,173,179,131,162.2
Наталія Тетяниш,True,149,161,181,162.2
Оксана Катериниш,True,199,185,200,195.10000000000002
Іван Алібіба,True,196,199,177,191.2
Тетяна Анниш,True,197,181,191,190.40000000000003
Наталія Софіїш,True,192,181,197,190.20000000000002
Олександр Артеміш,True,186,196,186,189.0
Володимир Дмитріш,True,188,195,183,188.6
Оксана Загвойко,True,192,191,181,188.40000000000003
Ілля Романіш,True,191,194,177,187.7
Максим Анниш,True,186,184,192,187.2
Ганна Загвойко,True,192,173,191,186.0
Віктор Іванниш,True,196,199,157,185.2
Олена Вікторіїш,True,186,200,169,185.1
Ніна Людмилиш,True,200,168,182,185.0
Олексій Загвойко,True,169,198,192,184.6
Марта Ганниш,True,200,190,157,184.1
Ірина Ганниш,True,193,186,170,184.0
Сергій Наталіїш,True,186,200,165,183.9
Ніна Анниш,True,195,184,169,183.89999999999998
Андрій Іванниш,True,186,193,168,182.70000000000002
Анастасія Загвойко,True,195,195,153,182.4
Ігор Неборачко,True,193,174,176,182.2
Наталія Вікторіш,True,180,180,187,182.1
Петро Ковтун,True,171,187,192,182.1
Дмитро Ярославиш,True,187,166,188,181.0
Дмитро Наталіїш,True,170,187,189,180.79999999999998
Юлія Вікторіш,True,164,184,199,180.5
Тетяна Лідіїш,True,197,141,198,180.5
Артем Анатоліїш,True,181,172,188,180.4
Оксана Максиміш,True,198,145,192,180.3
Ігор Олександріш,True,196,151,188,180.1
Тетяна Товтиш,True,198,186,149,179.7
Вікторія Товтиш,True,170,184,187,179.29999999999998
Максим Катериниш,True,169,177,195,179.20000000000002
Олексій Олениш,True,200,160,170,179.0
Богдан Анниш,True,166,180,195,178.9
Анатолій Ніниш,False,135,192,191,168.89999999999998
Іванна Маріїш,True,130,197,192,168.7
Ілля Оксаниш,True,139,180,196,168.39999999999998
Іванна Катериниш,False,137,198,180,168.2
Іванна Максиміш,False,134,190,191,167.89999999999998
Анатолій Ганниш,True,133,184,192,166.0
Наталія Ніниш,True,133,177,195,164.8
Іванна Ганниш,True,132,200,173,164.70000000000002
Олег Іриниш,True,139,175,187,164.2
Іванна Іванниш,False,139,168,192,163.6
Іван Неборачко,True,133,190,177,163.3
Віктор Катериниш,True,123,190,190,163.2
Роман Ігоріш,True,124,187,190,162.7
Олексій Ганниш,True,134,200,163,162.5
Наталія Петріш,False,137,193,166,162.5
Павло Алібіба,False,185,128,166,162.2
Іванна Олениш,False,170,166,148,162.2
Сергій Оксаниш,True,121,184,195,162.1
Михайло Іванниш,False,178,161,142,162.1
Ніна Маріїш,True,163,179,144,162.1
Михайло Олексіїш,False,121,191,188,162.1
Анастасія Олегіш,False,151,157,182,162.1
Ярослава Іриниш,False,156,194,138,162.0
Анна Анниш,False,174,121,187,162.0
Павло Сергіїш,False,171,189,123,162.0
Ольга Іванниш,False,147,194,150,162.0
Ілля Ярославиш,True,120,183,197,162.0
Володимир Андріїш,True,156,172,160,162.0
Павло Ніниш,True,122,179,198,161.9
Тетяна Олегіш,False,161,185,140,161.9
Максим Ганниш,False,164,194,127,161.9
Ілля Ярославіш,True,164,173,148,161.9
Ярослав Артеміш,True,137,189,168,161.9
Олена Ніниш,False,152,174,163,161.9
Юлія Сергіїш,False,187,155,135,161.8
Анатолій Людмилиш,True,181,177,121,161.8
Тетяна Іриниш,True,132,197,166,161.7
Олексій Людмилиш,False,177,175,128,161.7
Павло Маріїш,False,186,160,131,161.7
Анатолій Вікторіш,True,195,118,161,161.7
Людмила Андріїш,False,125,182,190,161.6
Людмила Лідіїш,True,133,186,175,161.5
Тетяна Романіш,False,181,133,164,161.5
Петро Ігоріш,True,178,143,158,161.5
Олександр Максиміш,False,192,156,126,161.4
Ніна Загвойко,False,195,166,112,161.4
Анатолій Тетяниш,False,146,181,162,161.3
Тетяна Анатоліїш,False,199,154,118,161.20000000000002
Катерина Іриниш,True,157,200,128,161.20000000000002
Олена Наталіїш,False,118,189,191,161.2
Петро Дмитріш,True,130,194,170,161.2
Павло Олексіїш,True,166,152,164,161.2
Тетяна Ковтун,False,175,127,177,161.2
Віктор Артеміш,True,198,145,128,161.1
Олександр Дмитришенко,True,158,182,144,161.0
Іванна Ніниш,True,158,135,191,161.0
Ірина Тарасіш,False,155,173,157,161.0
Ірина Ілляш,False,184,168,123,160.9
Ілля Олегіш,True,133,168,191,160.89999999999998
Сергій Тетяниш,False,144,153,191,160.8
Ольга Іваниш,False,186,143,145,160.8
Ярослав Вікторіш,True,123,196,176,160.8
Ігор Анниш,False,171,171,137,160.8
Оксана Тетяниш,False,198,126,146,160.8
Ольга Олександріш,False,162,133,187,160.79999999999998
Анатолій Олександріш,False,150,152,184,160.79999999999998
Віктор Ганниш,False,150,199,137,160.79999999999998
Анна Ковтун,False,161,137,184,160.7
Максим Маріїш,False,170,121,188,160.7
Тетяна Богданіш,True,157,152,174,160.6
Роман Вікторіїш,False,166,114,200,160.6
Юлія Дмитріш,False,184,166,124,160.6
Роман Загвойко,False,141,184,163,160.5
Ірина Дмитріш,True,189,100,183,160.5
Тарас Анниш,False,155,145,183,160.4
Віктор Анниш,False,176,197,103,160.4
Олег Неборачко,False,113,198,186,160.39999999999998
Олена Ганниш,False,159,180,142,160.2
Олена Анниш,True,176,193,106,160.10000000000002
Богдан Артеміш,False,173,157,146,160.10000000000002
Анна Олениш,False,179,146,149,160.1
Олексій Олексіїш,False,185,168,119,160.1
Павло Олександріш,False,167,164,147,160.1
Дмитро Оксаниш,False,167,154,157,160.1
Віктор Ярославиш,True,155,170,157,160.1
Катерина Алібіба,False,157,133,191,160.0
Олександр Дмитріш,True,136,191,161,160.0
Софія Іванниш,True,166,160,152,160.0
Анна Артеміш,False,186,155,130,159.9
Наталія Катериниш,False,177,194,103,159.9
Олександр Михайлиш,True,146,181,157,159.8
Юлія Олениш,False,172,136,167,159.7
Володимир Михайлиш,False,190,159,120,159.7
Марта Ковтун,True,196,136,135,159.7
Юлія Дмитришенко,True,174,125,175,159.60000000000002
Павло Наталіїш,False,177,121,175,159.6
Вікторія Іваниш,False,147,177,159,159.6
Олександр Петріш,True,198,156,112,159.6
Ніна Вікторіїш,True,146,193,144,159.5
Андрій Неборачко,False,140,168,177,159.5
Софія Софіїш,False,136,161,189,159.4
Анатолій Анатоліїш,True,165,121,190,159.3
Марія Катериниш,True,184,167,118,159.10000000000002
Михайло Загвойко,True,166,173,136,159.10000000000002
Ганна Софіїш,False,151,180,149,159.1
Дмитро Ігоріш,False,118,189,184,159.1
Марія Олениш,False,166,185,124,159.1
Ірина Іваниш,False,163,161,152,159.1
Богдан Анатоліїш,False,174,111,187,159.0
Максим Софіїш,True,159,164,154,159.0
Марта Ярославиш,True,144,196,142,159.0
Петро Неборачко,False,126,187,175,159.0
Іван Дмитріш,True,132,158,196,159.0
Павло Петріш,False,126,191,171,159.0
Богдан Ковтун,True,137,147,200,158.9
Сергій Вікторіш,True,176,133,162,158.9
Павло Богданіш,False,140,159,184,158.89999999999998
Михайло Іриниш,True,134,180,171,158.89999999999998
Наталія Олегіш,False,148,172,160,158.8
Ольга Товтиш,True,175,165,131,158.8
Ярослава Ніниш,False,163,117,195,158.8
Іванна Іриниш,False,184,166,118,158.8
Катерина Сергіїш,False,157,153,167,158.8
Андрій Вікторіїш,False,172,150,150,158.8
Ірина Михайлиш,False,169,120,184,158.8
Марта Неборачко,True,126,162,199,158.7
Лідія Дмитришенко,True,168,166,139,158.7
Володимир Наталіїш,True,167,148,158,158.6
Марія Загвойко,False,170,177,125,158.6
Анатолій Маріїш,False,146,151,183,158.6
Лідія Ілляш,False,199,100,163,158.5
Людмила Ковтун,True,126,173,187,158.4
Олександр Загвойко,True,150,130,198,158.4
Дмитро Лідіїш,True,180,112,176,158.39999999999998
Ірина Ніниш,True,180,169,119,158.39999999999998
Вікторія Анатоліїш,True,140,192,149,158.29999999999998
Дмитро Романіш,False,160,141,173,158.2
Богдан Олегіш,False,169,193,109,158.2
Наталія Максиміш,True,156,141,178,158.1
Софія Алібіба,True,126,170,189,158.1
Марія Олександріш,False,165,185,122,158.1
Оксана Ніниш,False,195,142,125,158.1
Марія Софіїш,False,140,198,142,158.0
Наталія Тарасіш,True,167,175,129,158.0
Максим Богданіш,False,163,170,139,157.9
Олексій Тетяниш,False,172,144,153,157.9
Марія Михайлиш,False,130,160,193,157.9
Олександр Людмилиш,True,196,140,125,157.9
Ярослав Іваниш,False,145,193,140,157.9
Ярослава Андріїш,False,150,138,188,157.8
Сергій Богданіш,False,183,112,170,157.8
Ірина Людмилиш,True,147,183,147,157.8
Марія Андріїш,True,174,188,106,157.8
Володимир Людмилиш,True,108,190,192,157.8
Оксана Софіїш,True,185,142,137,157.7
Анастасія Олексіїш,True,175,178,114,157.6
Михайло Тарасіш,False,124,164,196,157.6
Дмитро Товтиш,True,168,150,151,157.5
Анастасія Іванниш,True,159,156,157,157.5
Софія Загвойко,False,105,185,200,157.5
Андрій Ковтун,True,159,143,170,157.5
Марія Іриниш,True,191,160,110,157.4
Ірина Олексіїш,False,164,153,153,157.4
Максим Олексіїш,True,170,144,154,157.39999999999998
Юлія Андріїш,False,182,151,131,157.39999999999998
Анастасія Артеміш,True,146,134,196,157.39999999999998
Анатолій Олексіїш,True,199,133,126,157.3
Іван Максиміш,False,157,140,175,157.3
Ірина Іриниш,True,166,190,113,157.3
Олександр Маріїш,True,187,128,147,157.29999999999998
Тарас Іваниш,True,141,197,139,157.2
Ганна Сергіїш,True,155,123,194,157.1
Анатолій Андріїш,False,151,174,148,157.0
Петро Лідіїш,True,183,142,137,156.9
Олексій Романіш,True,129,183,168,156.9
Ніна Неборачко,False,159,114,197,156.89999999999998
Тарас Артеміш,True,129,185,166,156.89999999999998
Віктор Олександріш,False,131,163,185,156.8
Олександр Алібіба,True,164,128,176,156.8
Іван Наталіїш,False,119,174,190,156.8
Тарас Катериниш,False,128,188,164,156.79999999999998
Іван Софіїш,False,133,175,170,156.7
Ярослава Ярославіш,True,142,174,159,156.7
Марія Дмитришенко,True,121,184,177,156.7
Богдан Наталіїш,False,142,182,151,156.7
Ігор Петріш,False,108,179,199,156.6
Анна Неборачко,True,131,177,170,156.5
Ігор Ніниш,True,140,145,190,156.5
Артем Іриниш,False,152,176,143,156.5
Анастасія Іриниш,True,176,155,132,156.5
Петро Артеміш,True,127,160,192,156.4
Людмила Романіш,False,124,157,199,156.4
Анатолій Ковтун,True,132,194,151,156.3
Олексій Іваниш,False,147,139,186,156.3
Михайло Софіїш,True,150,188,133,156.3
Андрій Максиміш,False,149,186,136,156.2
Богдан Загвойко,False,170,194,100,156.2
Олексій Софіїш,False,119,195,167,156.2
Олег Володимириш,True,172,159,132,156.1
Роман Ярославиш,True,127,193,158,156.1
Андрій Людмилиш,True,160,149,158,156.1
Вікторія Володимириш,False,153,164,152,156.0
Анастасія Ковтун,False,150,180,140,156.0
Анна Лідіїш,True,191,147,118,155.9
Олександр Богданіш,False,200,122,131,155.89999999999998
Марія Лідіїш,False,178,167,115,155.8
Марія Маріїш,False,142,158,172,155.8
Ярослав Ганниш,False,166,164,134,155.79999999999998
Петро Петріш,False,114,199,168,155.7
Наталія Ганниш,True,125,156,196,155.6
Ніна Лідіїш,True,161,142,162,155.6
Ганна Людмилиш,True,170,112,180,155.6
Олександр Тетяниш,True,178,117,164,155.5
Лідія Олегіш,True,171,112,178,155.4
Петро Анниш,False,165,135,163,155.4
Андрій Ярославіш,True,195,147,111,155.39999999999998
Софія Андріїш,True,177,106,176,155.39999999999998
Сергій Дмитришенко,True,126,159,191,155.39999999999998
Тарас Іриниш,False,119,182,177,155.3
Оксана Петріш,True,191,126,137,155.3
Вікторія Сергіїш,True,185,165,106,155.3
Ігор Тарасіш,True,146,169,154,155.29999999999998
Віктор Ніниш,True,169,178,114,155.2
Ганна Ганниш,True,142,137,191,155.2
Анастасія Максиміш,False,178,102,178,155.2
Максим Ярославиш,False,193,136,124,155.2
Марта Маріїш,False,109,189,183,155.2
Віктор Олегіш,True,175,120,164,155.2
Максим Неборачко,True,169,123,169,155.2
Ярослава Оксаниш,True,147,159,162,155.1
Ольга Софіїш,False,198,119,134,155.1
Лідія Петріш,False,165,114,183,155.1
Оксана Вікторіїш,False,110,189,181,155.0
Софія Петріш,False,179,103,175,155.0
Ольга Анатоліїш,True,184,110,161,154.9
Олексій Сергіїш,True,172,128,159,154.89999999999998
Іванна Алібіба,True,163,103,196,154.89999999999998
Ганна Ігоріш,False,178,148,131,154.89999999999998
Павло Іванниш,False,130,177,166,154.89999999999998
Богдан Тарасіш,True,126,188,160,154.8
Роман Ніниш,True,180,155,121,154.8
Олег Михайлиш,True,168,105,187,154.8
Оксана Іриниш,True,156,148,160,154.8
Ярослава Олексіїш,True,144,163,161,154.8
Віктор Олексіїш,True,168,170,122,154.8
Ярослава Софіїш,False,165,168,128,154.8
Сергій Андріїш,False,173,167,118,154.70000000000002
Катерина Ніниш,False,113,189,176,154.7
Марта Дмитришенко,False,194,153,104,154.7
Ніна Алібіба,True,164,102,195,154.7
Вікторія Дмитришенко,False,188,110,155,154.7
Дмитро Михайлиш,False,104,192,185,154.7
Іван Оксаниш,False,149,137,180,154.7
Олександр Володимириш,True,145,179,143,154.6
Сергій Загвойко,False,151,141,173,154.6
Оксана Іваниш,True,157,163,143,154.6
Ігор Ілляш,False,151,137,177,154.6
Михайло Ковтун,True,187,119,147,154.6
Марта Тарасіш,False,126,197,150,154.5
Юлія Тарасіш,True,150,138,177,154.5
Дмитро Петріш,False,171,186,101,154.5
Богдан Людмилиш,True,135,158,177,154.5
Олег Ігоріш,True,143,140,184,154.4
Анастасія Тетяниш,False,194,104,152,154.4
Анна Вікторіш,False,134,195,141,154.39999999999998
Анатолій Романіш,True,173,148,136,154.39999999999998
Оксана Сергіїш,True,140,132,196,154.39999999999998
Анастасія Неборачко,True,139,193,136,154.3
Софія Олександріш,True,127,162,183,154.3
Софія Романіш,False,106,175,198,154.3
Людмила Дмитріш,True,109,190,179,154.29999999999998
Богдан Алібіба,True,174,121,161,154.2
Вікторія Ніниш,False,194,125,130,154.10000000000002
Петро Оксаниш,False,143,137,186,154.10000000000002
Артем Ігоріш,True,128,166,177,154.1
Павло Іриниш,False,170,149,138,154.1
Анна Іриниш,True,158,181,122,154.1
Ілля Наталіїш,False,163,141,155,154.0
Володимир Іриниш,False,188,140,122,153.8
Ігор Анатоліїш,False,164,102,192,153.8
Катерина Дмитришенко,True,191,100,158,153.8
Петро Романіш,True,167,141,149,153.79999999999998
Ігор Загвойко,True,126,188,156,153.60000000000002
Ганна Тарасіш,False,168,104,184,153.6
Дмитро Дмитріш,False,159,174,126,153.6
Артем Романіш,False,138,194,134,153.6
Ольга Михайлиш,False,153,116,192,153.6
Вікторія Лідіїш,False,146,152,165,153.5
Ілля Анатоліїш,False,116,158,199,153.5
Людмила Дмитришенко,False,128,145,196,153.5
Володимир Володимириш,False,107,175,194,153.5
Ілля Володимириш,True,136,181,149,153.4
Тарас Олександріш,False,163,152,142,153.4
Ольга Ярославіш,True,145,129,189,153.39999999999998
Анна Наталіїш,True,163,188,106,153.39999999999998
Ірина Товтиш,False,114,163,196,153.3
Тетяна Ігоріш,False,186,132,131,153.3
Анна Ганниш,False,128,189,151,153.2
Олег Маріїш,False,182,117,151,153.2
Ярослав Володимириш,False,167,125,163,153.2
Олена Алібіба,False,124,154,191,153.1
Юлія Богданіш,True,151,111,198,153.1
Лідія Андріїш,False,175,119,158,153.1
Марія Петріш,False,154,124,181,153.1
Дмитро Олениш,True,177,129,145,153.0
Анастасія Алібіба,True,165,106,184,153.0
Олег Тарасіш,True,153,117,189,153.0
Михайло Сергіїш,False,165,138,152,153.0
Ірина Загвойко,False,153,178,128,153.0
Наталія Дмитришенко,False,143,174,145,152.9
Оксана Тарасіш,True,173,102,177,152.9
Наталія Михайлиш,True,157,137,163,152.8
Оксана Ілляш,False,166,111,177,152.8
Марта Загвойко,True,175,141,135,152.8
Сергій Неборачко,False,109,175,189,152.79999999999998
Петро Вікторіїш,True,141,158,163,152.70000000000002
Павло Анатоліїш,False,171,104,177,152.70000000000002
Софія Володимириш,True,125,163,179,152.6
Михайло Вікторіїш,True,163,172,119,152.5
Петро Маріїш,False,109,180,183,152.5
Володимир Дмитришенко,True,184,120,143,152.5
Олександр Тарасіш,True,133,190,141,152.5
Сергій Ковтун,True,159,172,124,152.4
Ілля Людмилиш,False,132,181,151,152.39999999999998
Артем Тарасіш,True,140,135,186,152.3
Людмила Олениш,True,197,113,132,152.3
Лідія Іваниш,True,196,114,132,152.2
Марія Ковтун,True,117,152,199,152.1
Наталія Іваниш,False,165,172,115,152.1
Артем Загвойко,True,150,159,148,152.1
Ганна Артеміш,True,171,111,168,152.1
Іванна Софіїш,False,102,196,175,152.1
Іванна Дмитришенко,False,132,169,162,152.1
Катерина Анниш,False,107,198,166,152.0
Анатолій Сергіїш,True,137,184,140,152.0
Ганна Оксаниш,True,133,162,167,151.9
Ярослав Товтиш,True,130,175,158,151.9
Олександр Вікторіш,True,124,185,156,151.89999999999998
Анна Ярославіш,False,174,105,169,151.8
Андрій Тетяниш,False,147,121,189,151.79999999999998
Михайло Наталіїш,False,122,194,149,151.7
Оксана Вікторіш,True,137,156,167,151.7
Дмитро Олегіш,False,158,189,106,151.7
Богдан Олексіїш,True,140,131,188,151.7
Тарас Вікторіїш,True,200,117,122,151.7
Віктор Сергіїш,True,166,183,101,151.60000000000002
Сергій Катериниш,True,115,160,192,151.6
Олена Ігоріш,True,177,166,103,151.5
Марта Катериниш,False,138,177,144,151.5
Лідія Людмилиш,True,165,134,151,151.5
Софія Оксаниш,False,135,190,135,151.5
Ілля Михайлиш,True,141,176,141,151.5
Ярослава Олегіш,True,152,147,155,151.4
Роман Неборачко,False,134,163,163,151.4
Олена Лідіїш,False,173,170,104,151.4
Іван Іванниш,False,119,158,188,151.4
Іванна Анниш,False,152,145,157,151.4
Людмила Вікторіїш,True,119,162,184,151.4
Олександр Олениш,False,185,113,145,151.4
Марта Михайлиш,False,104,170,196,151.39999999999998
Михайло Анниш,False,151,141,162,151.3
Ігор Ігоріш,False,108,162,198,151.20000000000002
Лідія Вікторіш,False,171,171,105,151.2
Іванна Артеміш,True,105,191,173,151.2
Оксана Ярославиш,True,132,151,177,151.2
Володимир Оксаниш,True,162,149,139,151.2
Оксана Людмилиш,True,150,176,128,151.2
Оксана Богданіш,False,137,147,174,151.1
Андрій Загвойко,True,157,194,100,151.0
Володимир Ярославіш,False,148,119,187,151.0
Павло Ярославіш,False,166,151,131,151.0
Сергій Алібіба,True,157,125,169,151.0
Олексій Ковтун,True,160,109,181,151.0
Ганна Іваниш,False,159,101,190,150.9
Ольга Сергіїш,False,150,167,136,150.89999999999998
Ірина Катериниш,False,143,193,119,150.79999999999998
Марта Олегіш,True,175,102,167,150.7
Людмила Ілляш,False,154,134,163,150.7
Роман Тарасіш,True,133,175,150,150.7
Вікторія Ілляш,True,154,156,141,150.7
Ярослав Сергіїш,True,157,113,180,150.7
Ольга Романіш,True,192,125,121,150.60000000000002
Ольга Анниш,True,192,138,108,150.60000000000002
Ілля Катериниш,False,171,128,146,150.60000000000002
Вікторія Іванниш,False,168,141,137,150.6
Софія Іваниш,True,195,119,123,150.6
Роман Петріш,True,120,178,164,150.6
Петро Михайлиш,True,159,176,114,150.6
Софія Людмилиш,False,173,144,127,150.5
Лідія Тетяниш,True,152,156,143,150.5
Ганна Богданіш,False,176,108,159,150.5
Роман Андріїш,True,173,131,140,150.5
Віктор Іриниш,False,115,181,167,150.4
Богдан Михайлиш,False,142,198,114,150.4
Оксана Михайлиш,False,166,174,106,150.39999999999998
Ілля Анниш,False,189,125,124,150.3
Катерина Тарасіш,False,144,198,111,150.3
Марта Товтиш,True,179,115,147,150.20000000000002
Павло Товтиш,True,188,146,104,150.2
Михайло Олександріш,True,173,141,129,150.2
Роман Романіш,False,155,122,172,150.2
Ольга Володимириш,False,167,101,177,150.2
Вікторія Тетяниш,True,170,140,134,150.2
Ярослава Товтиш,True,133,145,178,150.1
Богдан Іриниш,False,157,189,102,150.1
Ганна Неборачко,True,159,132,156,150.0
Оксана Маріїш,True,162,179,105,150.0
Катерина Ілляш,False,114,183,165,150.0
Ілля Загвойко,False,191,137,108,149.9
Сергій Михайлиш,True,130,138,188,149.8
Наталія Дмитріш,False,145,109,197,149.79999999999998
Ірина Маріїш,True,142,136,174,149.79999999999998
Оксана Олександріш,True,132,123,200,149.7
Анна Тарасіш,True,134,160,160,149.6
Марія Вікторіїш,False,176,115,149,149.6
Катерина Олегіш,False,146,190,114,149.6
Михайло Михайлиш,False,185,112,140,149.6
Ганна Іванниш,False,199,106,127,149.5
Оксана Ігоріш,True,136,184,133,149.5
Артем Ковтун,False,181,136,121,149.5
Ярослава Олениш,False,139,127,186,149.5
Юлія Володимириш,True,124,146,187,149.5
Ярослава Тарасіш,True,144,163,143,149.4
Ігор Вікторіш,False,132,143,179,149.4
Марта Максиміш,False,132,155,167,149.4
Тетяна Вікторіїш,True,111,194,156,149.39999999999998
Ярослава Максиміш,True,155,130,161,149.3
Юлія Анниш,True,155,161,130,149.3
Сергій Тарасіш,False,155,182,109,149.29999999999998
Людмила Ігоріш,False,175,153,111,149.2
Михайло Дмитришенко,True,171,118,151,149.10000000000002
Тарас Олениш,True,138,166,147,149.1
Олексій Ярославиш,False,135,125,192,149.1
Марія Наталіїш,False,105,164,193,149.1
Петро Алібіба,False,128,199,127,149.0
Ганна Олександріш,False,155,177,113,149.0
Олена Оксаниш,False,143,119,187,149.0
Вікторія Вікторіїш,True,170,147,123,149.0
Ігор Дмитришенко,False,140,124,186,149.0
Павло Дмитріш,False,125,164,166,149.0
Марта Олексіїш,True,161,140,142,149.0
Олександр Ілляш,True,145,146,157,148.9
Олег Софіїш,False,169,170,101,148.9
Ольга Загвойко,True,124,146,185,148.9
Ірина Ковтун,False,136,155,160,148.9
Ярослава Ігоріш,True,187,128,119,148.89999999999998
Ярослав Ярославиш,False,193,118,121,148.89999999999998
Іванна Неборачко,True,133,173,146,148.89999999999998
Марта Тетяниш,False,114,199,145,148.8
Артем Іваниш,False,111,193,155,148.8
Олександр Товтиш,False,150,100,196,148.8
Олександр Неборачко,True,147,122,178,148.8
Ігор Алібіба,True,162,101,179,148.79999999999998
Михайло Максиміш,False,164,100,177,148.70000000000002
Тарас Ярославиш,True,107,199,154,148.7
Роман Артеміш,True,143,124,181,148.7
Ярослава Анатоліїш,False,154,142,148,148.6
Наталія Ярославіш,False,124,132,198,148.6
Павло Іваниш,False,133,136,182,148.6
Іван Андріїш,False,124,137,193,148.6
Михайло Вікторіш,False,169,103,167,148.6
Ігор Маріїш,False,117,144,195,148.5
Катерина Маріїш,False,122,140,192,148.4
Лідія Романіш,False,194,131,105,148.4
Ігор Михайлиш,False,146,118,182,148.4
Людмила Ганниш,False,146,174,126,148.39999999999998
Роман Богданіш,False,106,160,193,148.3
Ігор Ковтун,True,112,184,161,148.3
Анастасія Вікторіш,False,136,192,121,148.3
Марта Анниш,False,146,157,142,148.1
Марія Олегіш,False,155,182,105,148.1
Іван Володимириш,True,167,112,159,148.1
Ольга Олегіш,False,115,147,193,148.0
Марія Алібіба,False,145,192,108,148.0
Іванна Сергіїш,False,157,128,156,148.0
Петро Олексіїш,False,196,111,121,148.0
Марта Ніниш,True,138,132,177,147.9
Іван Олексіїш,True,117,194,143,147.9
Марта Ярославіш,False,183,100,149,147.9
Ірина Богданіш,False,135,159,154,147.89999999999998
Ірина Ігоріш,False,143,175,127,147.8
Артем Максиміш,True,143,141,161,147.8
Ольга Ілляш,True,134,160,154,147.79999999999998
Андрій Ніниш,False,184,129,118,147.70000000000002
Анатолій Софіїш,True,157,135,148,147.70000000000002
Ніна Товтиш,True,112,151,192,147.7
Віктор Романіш,True,136,192,119,147.7
Ганна Дмитришенко,True,148,153,142,147.7
Ігор Романіш,False,187,120,123,147.7
Володимир Олегіш,True,189,127,113,147.60000000000002
Віктор Алібіба,False,186,132,112,147.6
Ярослава Сергіїш,False,108,170,178,147.6
Ігор Олексіїш,False,159,177,103,147.6
Тарас Людмилиш,True,137,200,109,147.5
Ніна Максиміш,False,107,174,175,147.5
Катерина Олениш,False,200,104,121,147.5
Ольга Максиміш,False,101,167,190,147.5
Марта Вікторіш,True,128,157,164,147.5
Ярослава Петріш,True,116,143,194,147.5
Володимир Тетяниш,False,172,139,123,147.4
Тетяна Володимириш,True,100,173,185,147.4
Петро Максиміш,False,130,198,120,147.4
Людмила Вікторіш,True,145,119,179,147.39999999999998
Тарас Ганниш,False,159,128,151,147.3
Ярослав Софіїш,False,147,161,134,147.29999999999998
Софія Ніниш,True,125,134,190,147.2
Ілля Вікторіш,False,137,198,110,147.2
Ніна Ніниш,True,152,171,117,147.2
Іван Ярославіш,False,127,196,125,147.1
Артем Неборачко,True,174,140,118,147.0
Сергій Маріїш,True,132,114,200,147.0
Богдан Богданіш,True,144,153,145,147.0
Тарас Володимириш,True,143,134,165,146.9
Іван Іваниш,False,158,167,112,146.9
Артем Софіїш,True,107,167,180,146.9
Роман Софіїш,False,164,116,155,146.9
Дмитро Вікторіїш,False,106,166,182,146.8
Марта Лідіїш,False,142,146,154,146.79999999999998
Наталія Іриниш,True,126,178,143,146.70000000000002
Володимир Сергіїш,True,123,143,182,146.7
Іванна Петріш,True,110,195,147,146.6
Анатолій Анниш,False,157,137,142,146.5
Анастасія Андріїш,True,160,100,175,146.5
Михайло Ярославіш,True,169,160,103,146.5
Софія Дмитришенко,False,121,142,185,146.5
Ганна Вікторіїш,True,100,182,173,146.5
Софія Тарасіш,True,145,135,160,146.5
Тарас Богданіш,False,130,187,128,146.5
Вікторія Анниш,False,177,117,135,146.4
Лідія Богданіш,False,126,168,152,146.4
Ярослава Ковтун,False,120,145,183,146.4
Анатолій Неборачко,False,150,179,109,146.39999999999998
Олег Олегіш,True,114,192,144,146.39999999999998
Ілля Тетяниш,True,119,146,183,146.3
Дмитро Ганниш,False,146,164,129,146.29999999999998
Олександр Олегіш,False,151,107,179,146.2
Ярослав Ілляш,True,130,153,161,146.2
Сергій Анниш,False,103,163,187,146.2
Павло Оксаниш,True,115,187,147,146.2
Іванна Товтиш,True,135,133,174,146.1
Дмитро Олексіїш,False,129,195,120,146.1
Сергій Ярославіш,False,134,118,190,146.0
Михайло Людмилиш,True,113,199,137,146.0
Наталія Ілляш,False,143,159,137,146.0
Ольга Петріш,False,128,187,129,146.0
Роман Наталіїш,False,164,132,136,146.0
Дмитро Неборачко,True,152,121,163,146.0
Михайло Олениш,True,130,131,182,145.9
Ніна Наталіїш,True,163,145,124,145.9
Наталія Наталіїш,False,127,118,199,145.9
Анатолій Вікторіїш,False,168,115,147,145.8
Анатолій Наталіїш,True,135,151,155,145.8
Анна Ігоріш,True,192,123,107,145.8
Анастасія Володимириш,False,144,103,191,145.8
Тарас Неборачко,False,141,172,126,145.8
Ярослава Ілляш,True,149,102,185,145.7
Павло Андріїш,False,146,120,171,145.7
Тарас Софіїш,False,133,137,171,145.60000000000002
Юлія Анатоліїш,True,130,133,179,145.6
Ольга Тарасіш,True,148,151,137,145.6
Софія Ганниш,True,111,166,171,145.5
Ірина Лідіїш,True,150,161,124,145.5
Анатолій Іванниш,True,123,191,130,145.5
Ярослава Наталіїш,True,192,116,113,145.5
Володимир Богданіш,False,128,175,139,145.4
Анна Іваниш,False,119,161,165,145.4
Лідія Вікторіїш,True,158,163,111,145.39999999999998
Артем Анниш,False,163,117,150,145.3
Ніна Сергіїш,False,118,185,142,145.3
Максим Романіш,True,178,130,117,145.3
Іванна Тетяниш,False,160,134,137,145.29999999999998
Ілля Алібіба,True,183,105,135,145.2
Олег Іванниш,False,123,180,140,145.2
Катерина Олексіїш,True,168,145,115,145.2
Олександр Ніниш,False,147,103,185,145.2
Лідія Ярославиш,False,102,151,197,145.2
Артем Михайлиш,False,158,121,152,145.1
Роман Олексіїш,True,190,104,126,145.0
Олег Андріїш,True,172,105,149,145.0
Оксана Оксаниш,True,172,104,150,145.0
Софія Катериниш,True,163,133,133,145.0
Олексій Іванниш,False,103,165,181,145.0
Ганна Ярославіш,False,150,115,168,144.9
Олексій Неборачко,False,144,147,144,144.9
Ірина Неборачко,False,177,132,115,144.9
Анна Катериниш,True,152,170,110,144.8
Дмитро Іваниш,True,109,142,195,144.7
Анатолій Дмитріш,True,169,126,131,144.7
Віктор Дмитріш,True,164,131,132,144.5
Андрій Сергіїш,True,152,131,148,144.5
Ірина Дмитришенко,False,128,153,158,144.5
Олексій Дмитріш,True,139,152,144,144.4
Олексій Петріш,True,127,139,173,144.4
Іван Олегіш,False,142,100,192,144.4
Олександр Оксаниш,False,135,170,131,144.3
Юлія Ніниш,False,170,107,147,144.2
Ярослав Максиміш,True,146,117,169,144.2
Ірина Олениш,True,167,131,127,144.2
Сергій Артеміш,False,118,143,180,144.1
Максим Дмитріш,False,100,167,180,144.1
Ілля Неборачко,False,112,141,190,144.1
Анна Романіш,False,151,127,152,144.1
Анатолій Олениш,True,109,181,154,144.1
Олена Романіш,False,124,196,119,144.1
Петро Катериниш,True,142,128,163,144.1
Богдан Ніниш,True,135,149,151,144.0
Анна Оксаниш,False,189,125,103,144.0
Ніна Іваниш,False,167,107,150,143.9
Анастасія Сергіїш,False,119,175,146,143.89999999999998
Людмила Алібіба,False,140,122,171,143.89999999999998
Ілля Ніниш,True,134,104,197,143.89999999999998
Ігор Іванниш,False,103,147,195,143.8
Олег Людмилиш,True,163,121,141,143.8
Олег Вікторіш,True,112,143,187,143.8
Михайло Лідіїш,False,172,110,140,143.8
Ірина Вікторіш,False,121,135,183,143.8
Олександр Ігоріш,True,162,144,119,143.7
Михайло Анатоліїш,True,120,175,144,143.7
Софія Максиміш,False,174,101,146,143.7
Катерина Артеміш,True,143,174,114,143.6
Михайло Оксаниш,False,149,107,173,143.6
Ольга Ярославиш,False,145,176,109,143.5
Ярослава Михайлиш,False,103,170,171,143.5
Ярослава Дмитришенко,False,166,108,149,143.5
Олексій Ігоріш,False,139,187,106,143.5
Андрій Ігоріш,True,174,112,134,143.4
Вікторія Артеміш,True,156,170,100,143.4
Тарас Оксаниш,True,171,145,105,143.4
Олександр Анниш,False,186,113,117,143.4
Віктор Ковтун,True,159,111,155,143.4
Олена Дмитріш,False,150,150,128,143.4
Іван Ігоріш,False,180,122,116,143.39999999999998
Анатолій Ярославиш,True,162,156,106,143.39999999999998
Дмитро Тарасіш,False,137,138,157,143.3
Павло Дмитришенко,False,116,127,196,143.3
Віктор Вікторіїш,True,127,109,199,143.2
Людмила Людмилиш,False,106,190,146,143.2
Віктор Іваниш,False,157,154,114,143.2
Максим Ковтун,True,117,190,131,143.10000000000002
Артем Олениш,False,107,182,152,143.0
Ірина Петріш,False,188,101,125,143.0
Людмила Загвойко,False,107,191,143,143.0
Олена Максиміш,True,182,112,122,143.0
Роман Алібіба,False,121,121,194,142.9
Віктор Оксаниш,True,166,131,124,142.9
Юлія Олегіш,False,112,142,185,142.9
Максим Ярославіш,True,103,198,141,142.89999999999998
Олег Ілляш,False,186,126,102,142.8
Марія Ганниш,False,122,181,132,142.7
Марія Артеміш,False,128,128,177,142.7
Іван Ілляш,False,101,144,197,142.7
Михайло Андріїш,True,169,132,118,142.60000000000002
Павло Людмилиш,False,172,128,118,142.6
Максим Сергіїш,True,166,152,102,142.6
Михайло Алібіба,False,193,116,102,142.6
Володимир Катериниш,True,123,131,180,142.5
Марта Андріїш,False,117,198,121,142.5
Ігор Товтиш,False,165,100,155,142.5
Ольга Наталіїш,True,179,102,134,142.4
Михайло Тетяниш,True,119,135,181,142.39999999999998
Ірина Іванниш,True,110,177,151,142.39999999999998
Володимир Неборачко,False,118,149,168,142.3
Людмила Петріш,True,130,167,134,142.29999999999998
Володимир Олександріш,False,133,178,119,142.29999999999998
Ольга Тетяниш,False,127,156,149,142.29999999999998
Марія Неборачко,False,130,114,187,142.29999999999998
Олена Тарасіш,True,132,189,109,142.2
Олексій Анниш,False,159,148,114,142.2
Петро Володимириш,True,117,131,187,142.2
Наталія Ковтун,False,128,163,140,142.1
Софія Олегіш,True,176,109,130,142.1
Марія Товтиш,True,139,133,155,142.0
Ганна Анатоліїш,True,124,184,124,142.0
Ольга Дмитришенко,False,105,175,158,141.9
Сергій Романіш,True,162,117,140,141.9
Тарас Анатоліїш,True,105,193,140,141.9
Лідія Ярославіш,True,127,105,198,141.70000000000002
Наталія Володимириш,False,136,171,120,141.7
Олена Артеміш,True,130,107,192,141.7
Ольга Оксаниш,True,189,114,106,141.60000000000002
Андрій Ганниш,False,132,126,170,141.6
Сергій Сергіїш,False,156,121,143,141.6
Артем Ярославіш,False,168,104,144,141.6
Володимир Ярославиш,True,122,123,186,141.5
Роман Олегіш,True,152,113,156,141.5
Петро Дмитришенко,True,119,183,130,141.5
Іван Загвойко,False,155,158,107,141.5
Тетяна Ярославіш,False,193,104,110,141.4
Людмила Тетяниш,False,142,174,108,141.4
Олег Олениш,False,148,109,165,141.4
Володимир Анатоліїш,False,171,126,117,141.3
Сергій Олександріш,True,138,145,142,141.3
Дмитро Артеміш,True,143,107,173,141.20000000000002
Марта Романіш,True,122,125,183,141.20000000000002
Ольга Іриниш,False,107,170,158,141.20000000000002
Ніна Богданіш,False,152,111,157,141.2
Олексій Анатоліїш,False,190,117,100,141.1
Лідія Михайлиш,True,181,105,124,141.1
Ігор Олениш,False,126,149,153,141.0
Ігор Лідіїш,True,147,174,100,141.0
Ніна Оксаниш,True,112,154,166,140.8
Ярослава Богданіш,True,118,177,135,140.8
Олександр Софіїш,True,112,175,145,140.8
Олег Сергіїш,False,126,107,194,140.7
Богдан Андріїш,True,123,199,106,140.7
Олена Софіїш,True,134,124,166,140.6
Тетяна Ярославиш,True,101,139,195,140.6
Максим Іваниш,False,136,140,147,140.5
Анастасія Товтиш,False,130,110,185,140.5
Анна Товтиш,True,138,109,175,140.4
Ілля Вікторіїш,False,153,118,146,140.39999999999998
Тетяна Олениш,True,102,171,161,140.39999999999998
Оксана Неборачко,True,150,149,119,140.39999999999998
Тетяна Сергіїш,False,146,158,115,140.3
Марта Олениш,False,194,103,106,140.3
Сергій Іваниш,False,113,160,157,140.3
Віктор Ярославіш,True,137,174,111,140.3
Наталія Неборачко,False,131,169,124,140.29999999999998
Ольга Богданіш,False,120,125,182,140.1
Марія Олексіїш,False,186,112,107,140.1
Ніна Артеміш,True,128,144,152,140.0
Анна Сергіїш,False,167,119,125,140.0
Роман Ковтун,True,110,127,193,140.0
Ярослав Андріїш,True,148,167,102,139.9
Ганна Олениш,False,133,129,160,139.9
Олександр Ковтун,True,165,128,118,139.8
Андрій Товтиш,False,144,114,160,139.8
Дмитро Дмитришенко,True,168,123,119,139.79999999999998
Марія Романіш,True,143,132,143,139.70000000000002
Сергій Софіїш,False,125,133,166,139.7
Ніна Дмитришенко,True,140,104,175,139.7
Тетяна Іванниш,False,184,115,105,139.60000000000002
Ілля Петріш,True,118,200,108,139.6
Анна Михайлиш,True,141,155,122,139.5
Роман Лідіїш,False,117,170,139,139.5
Петро Ніниш,True,133,151,136,139.3
Наталія Вікторіїш,False,160,151,100,139.3
Ілля Софіїш,False,121,121,182,139.3
Оксана Анатоліїш,True,126,141,155,139.2
Олена Іванниш,False,156,117,139,139.2
Володимир Вікторіш,False,122,180,121,139.10000000000002
Лідія Ковтун,True,104,200,125,139.1
Людмила Іриниш,False,191,106,103,139.1
Павло Вікторіїш,True,125,105,192,139.1
Марта Алібіба,True,133,147,139,139.0
Вікторія Людмилиш,False,124,148,150,139.0
Анастасія Людмилиш,False,103,138,188,139.0
Анна Тетяниш,False,136,105,177,139.0
Олексій Оксаниш,False,186,108,107,138.9
Андрій Богданіш,False,114,193,118,138.9
Ілля Сергіїш,False,141,160,115,138.9
Олексій Ярославіш,False,143,149,123,138.8
Юлія Ганниш,False,128,183,109,138.79999999999998
Олег Алібіба,True,130,151,138,138.7
Ольга Ігоріш,False,126,130,164,138.6
Богдан Оксаниш,False,135,144,138,138.6
Андрій Лідіїш,True,125,143,152,138.5
Петро Людмилиш,True,110,179,136,138.5
Анна Людмилиш,True,137,146,133,138.5
Вікторія Михайлиш,True,118,149,155,138.4
Іван Ніниш,True,154,143,113,138.4
Тетяна Тетяниш,True,115,197,111,138.39999999999998
Ольга Артеміш,False,123,133,164,138.29999999999998
Олег Ярославиш,True,110,117,197,138.2
Іванна Наталіїш,False,164,121,121,138.2
Ярослава Володимириш,True,107,119,199,138.2
Сергій Людмилиш,False,146,161,105,138.2
Анатолій Іваниш,True,106,148,171,138.10000000000002
Марта Петріш,False,163,116,127,138.1
Людмила Наталіїш,True,109,157,158,138.1
Віктор Неборачко,True,123,152,144,138.0
Ганна Михайлиш,True,174,101,127,138.0
Олена Михайлиш,False,174,118,110,138.0
Ніна Олексіїш,False,105,126,194,138.0
Богдан Дмитріш,False,129,176,112,138.0
Павло Загвойко,False,131,115,170,137.9
Марія Іваниш,False,167,119,118,137.9
Михайло Неборачко,True,149,105,156,137.89999999999998
Андрій Іваниш,True,170,127,106,137.89999999999998
Людмила Ніниш,True,149,110,151,137.89999999999998
Вікторія Вікторіш,False,100,138,188,137.8
Сергій Вікторіїш,False,142,149,121,137.8
Максим Володимириш,True,127,134,156,137.8
Олег Анниш,False,109,162,152,137.8
Іван Товтиш,False,135,141,138,137.7
Михайло Іваниш,False,117,196,107,137.7
Вікторія Андріїш,False,117,173,130,137.7
Анастасія Романіш,False,131,130,154,137.6
Анастасія Дмитріш,True,119,179,121,137.6
Оксана Романіш,True,159,112,134,137.4
Оксана Дмитріш,True,147,152,110,137.4
Тарас Алібіба,False,135,156,122,137.4
Віктор Володимириш,True,119,134,165,137.3
Андрій Андріїш,True,107,123,192,137.3
Олена Товтиш,True,101,165,158,137.3
Софія Артеміш,True,119,188,111,137.3
Лідія Катериниш,True,104,137,182,137.3
Максим Анатоліїш,False,128,141,146,137.3
Олександр Іриниш,False,101,156,167,137.3
Іванна Іваниш,True,131,126,157,137.3
Олег Дмитріш,True,106,127,189,137.2
Павло Романіш,False,178,115,105,137.2
Дмитро Іриниш,True,142,157,111,137.2
Ольга Олексіїш,True,139,118,154,137.2
Оксана Володимириш,True,147,111,150,137.1
Анна Ярославиш,True,129,138,147,137.1
Ігор Богданіш,False,105,132,185,137.1
Артем Іванниш,False,117,167,134,137.1
Вікторія Оксаниш,True,158,122,124,137.0
Петро Сергіїш,False,145,131,132,136.9
Марта Богданіш,True,139,128,143,136.9
Олег Товтиш,False,106,163,152,136.9
Софія Товтиш,True,171,108,120,136.8
Богдан Катериниш,False,178,112,106,136.60000000000002
Роман Володимириш,False,100,164,158,136.6
Павло Тарасіш,True,108,183,128,136.5
Ніна Вікторіш,True,144,153,110,136.5
Максим Алібіба,False,123,161,130,136.5
Максим Лідіїш,True,116,139,161,136.39999999999998
Людмила Оксаниш,True,103,141,176,136.3
Вікторія Ганниш,False,112,143,162,136.3
Максим Ілляш,True,102,125,193,136.20000000000002
Ярослава Катериниш,True,102,133,185,136.2
Богдан Ярославиш,True,144,106,156,136.2
Анастасія Анниш,False,114,128,174,136.2
Юлія Петріш,False,140,138,129,136.1
Лідія Артеміш,True,122,166,125,136.1
Вікторія Олексіїш,False,104,128,187,136.1
Ганна Катериниш,False,122,147,144,136.1
Олексій Богданіш,True,131,102,177,136.1
Михайло Ігоріш,False,130,142,138,136.0
Ярослав Олександріш,False,115,116,184,136.0
Ніна Михайлиш,False,157,110,134,136.0
Оксана Іванниш,False,126,142,143,135.9
Олексій Вікторіїш,False,126,172,113,135.9
Олег Лідіїш,True,131,157,121,135.8
Михайло Петріш,True,106,141,170,135.7
Богдан Романіш,True,157,104,139,135.7
Іванна Загвойко,False,126,100,184,135.6
Дмитро Загвойко,True,138,113,155,135.6
Михайло Романіш,True,101,200,117,135.5
Людмила Неборачко,True,128,162,119,135.5
Катерина Максиміш,False,179,100,113,135.5
Ярослава Іваниш,True,135,110,161,135.3
Катерина Вікторіїш,False,123,112,175,135.3
Ольга Андріїш,True,111,156,147,135.3
Петро Ілляш,False,122,155,133,135.20000000000002
Роман Ілляш,False,110,104,200,135.2
Ірина Тетяниш,False,117,126,168,135.0
Анна Максиміш,True,138,134,132,135.0
Ілля Ілляш,False,149,106,145,134.9
Олена Ярославиш,True,137,130,137,134.9
Катерина Ковтун,False,116,195,100,134.9
Катерина Андріїш,True,122,179,108,134.9
Петро Тетяниш,False,161,132,103,134.9
Ярослав Ковтун,True,178,110,102,134.8
Михайло Товтиш,False,127,147,133,134.8
Анна Богданіш,True,175,103,113,134.8
Анастасія Наталіїш,False,174,114,103,134.70000000000002
Богдан Олександріш,False,144,124,133,134.7
Вікторія Загвойко,False,131,126,148,134.6
Павло Софіїш,False,116,105,189,134.6
Іванна Ярославиш,False,110,120,182,134.6
Роман Катериниш,True,106,107,200,134.5
Дмитро Сергіїш,False,151,137,110,134.5
Тарас Петріш,False,148,119,132,134.5
Роман Маріїш,False,126,101,179,134.4
Анатолій Дмитришенко,True,125,129,152,134.29999999999998
Іван Анатоліїш,True,104,200,109,134.29999999999998
Тетяна Петріш,True,124,147,135,134.2
Ігор Людмилиш,False,153,132,111,134.10000000000002
Віктор Товтиш,True,123,108,175,134.1
Наталія Артеміш,False,107,139,165,134.0
Софія Богданіш,False,100,196,117,133.9
Олена Людмилиш,True,139,149,112,133.9
Олег Іваниш,True,149,129,118,133.7
Роман Вікторіш,True,167,115,108,133.7
Ганна Ярославиш,True,113,123,172,133.7
Ярослав Неборачко,False,155,133,106,133.7
Ніна Катериниш,True,103,154,154,133.6
Лідія Софіїш,True,150,100,145,133.5
Сергій Олениш,False,111,138,159,133.5
Ярослав Оксаниш,False,132,140,129,133.5
Марта Вікторіїш,True,119,101,185,133.4
Наталія Анниш,False,110,197,101,133.39999999999998
Богдан Ганниш,True,133,114,153,133.3
Ярослав Наталіїш,False,144,142,110,133.2
Ілля Ігоріш,True,104,115,190,133.1
Юлія Ковтун,False,118,153,133,133.0
Михайло Дмитріш,False,129,128,143,132.9
Ірина Ярославіш,True,111,130,165,132.9
Наталія Ярославиш,False,123,129,150,132.9
Павло Ковтун,True,105,141,162,132.9
Анастасія Дмитришенко,True,102,181,126,132.89999999999998
Іван Сергіїш,False,122,155,125,132.8
Наталія Загвойко,False,158,117,115,132.8
Сергій Ігоріш,False,121,102,179,132.7
Ніна Ярославиш,True,156,114,120,132.6
Олександр Олександріш,True,126,120,154,132.6
Ірина Романіш,True,114,143,147,132.6
Артем Олегіш,True,108,168,130,132.6
Петро Загвойко,False,126,122,152,132.6
Олег Олександріш,True,135,144,118,132.6
Людмила Артеміш,True,132,102,164,132.6
Катерина Ігоріш,False,137,158,101,132.5
Юлія Іваниш,True,119,174,108,132.2
Анатолій Петріш,True,161,112,114,132.2
Дмитро Вікторіш,False,104,158,144,132.2
Анна Загвойко,False,130,167,100,132.1
Ніна Ярославіш,False,123,171,105,132.0
Ярослав Катериниш,True,123,103,173,132.0
Іванна Андріїш,True,105,196,104,132.0
Сергій Олегіш,False,113,110,179,131.9
Андрій Ілляш,False,152,104,133,131.9
Оксана Андріїш,True,122,172,105,131.9
Іван Ковтун,True,149,112,129,131.9
Наталія Олексіїш,True,121,133,145,131.8
Анна Дмитріш,True,138,147,108,131.70000000000002
Оксана Лідіїш,False,135,145,114,131.7
Людмила Тарасіш,False,116,158,126,131.60000000000002
Віктор Богданіш,True,103,133,168,131.5
Ярослав Богданіш,False,138,150,104,131.4
Марта Артеміш,False,129,161,105,131.4
Тарас Загвойко,True,132,158,104,131.4
Ярослава Дмитріш,False,104,150,149,131.29999999999998
Артем Лідіїш,False,160,113,111,131.2
Олексій Ніниш,False,163,113,107,131.2
Максим Іванниш,False,150,117,120,131.1
Максим Артеміш,False,120,118,159,131.1
Юлія Іванниш,True,156,127,102,131.1
Марія Максиміш,True,106,104,191,130.9
Ярослава Загвойко,False,136,128,127,130.9
Софія Маріїш,False,157,105,122,130.9
Сергій Петріш,True,118,146,133,130.9
Дмитро Маріїш,False,112,144,143,130.9
Марта Іваниш,True,133,137,122,130.9
Людмила Володимириш,True,139,118,133,130.9
Лідія Анатоліїш,False,130,163,100,130.9
Ігор Іваниш,True,103,140,159,130.9
Олена Вікторіш,False,115,109,174,130.89999999999998
Ярослав Романіш,False,129,138,126,130.8
Олег Ніниш,True,134,120,137,130.7
Ігор Ярославіш,False,101,111,190,130.7
Богдан Вікторіш,True,134,118,139,130.7
Сергій Іриниш,True,155,117,112,130.7
Максим Іриниш,True,103,117,181,130.60000000000002
Ганна Максиміш,False,114,107,176,130.5
Артем Олександріш,True,116,110,170,130.4
Олексій Олександріш,False,154,128,101,130.3
Тарас Наталіїш,True,130,105,156,130.3
Лідія Ніниш,True,112,132,153,130.3
Анастасія Ганниш,False,145,114,127,130.29999999999998
Володимир Олениш,False,146,135,104,130.1
Олег Ковтун,True,143,114,129,130.1
Ніна Володимириш,False,121,166,106,130.0
Дмитро Анниш,False,114,111,170,129.9
Богдан Неборачко,True,147,109,128,129.9
Людмила Софіїш,True,147,123,114,129.9
Анатолій Товтиш,False,152,111,119,129.79999999999998
Дмитро Олександріш,False,121,158,113,129.70000000000002
Марія Ярославиш,True,100,101,198,129.7
Ольга Людмилиш,True,154,105,122,129.7
Марія Тетяниш,False,141,135,109,129.6
Іванна Ілляш,False,132,113,143,129.6
Олексій Алібіба,True,108,103,185,129.6
Ганна Алібіба,False,116,146,131,129.5
Ольга Олениш,True,116,168,109,129.5
Катерина Софіїш,True,154,108,118,129.4
Дмитро Андріїш,True,120,164,107,129.29999999999998
Володимир Ковтун,False,111,179,104,129.29999999999998
Анастасія Ніниш,False,149,127,105,129.2
Павло Катериниш,False,118,152,121,129.10000000000002
Андрій Олениш,True,108,184,102,129.0
Олександр Ярославиш,True,120,161,109,129.0
Артем Артеміш,True,146,121,114,128.9
Марія Іванниш,True,115,151,125,128.8
Марія Анатоліїш,False,118,115,157,128.8
Роман Ярославіш,True,133,109,143,128.8
Олена Іриниш,False,115,114,162,128.79999999999998
Ірина Ярославиш,False,147,114,119,128.7
Віктор Дмитришенко,False,111,147,134,128.7
Анастасія Катериниш,True,131,151,103,128.6
Юлія Олександріш,False,130,106,149,128.5
Ярослава Анниш,True,100,138,157,128.5
Олена Іваниш,False,105,151,137,128.4
Катерина Вікторіш,False,126,153,107,128.4
Сергій Олексіїш,False,123,144,120,128.4
Володимир Ніниш,False,161,111,102,128.3
Наталія Іванниш,True,113,138,139,128.29999999999998
Олена Тетяниш,True,124,150,112,128.2
Артем Товтиш,True,165,102,105,128.1
Іван Ганниш,False,129,152,103,128.1
Богдан Маріїш,False,117,168,103,128.1
Михайло Богданіш,True,107,171,113,128.0
Максим Оксаниш,True,107,162,122,128.0
Ярослава Маріїш,True,109,130,151,127.89999999999999
Юлія Оксаниш,False,100,107,186,127.89999999999999
Анастасія Петріш,True,147,125,105,127.80000000000001
Максим Загвойко,True,105,161,125,127.8
Наталія Оксаниш,True,110,178,101,127.7
Богдан Іваниш,True,113,160,115,127.7
Іванна Оксаниш,True,107,158,125,127.7
Ілля Ковтун,False,122,113,150,127.7
Лідія Загвойко,True,142,119,117,127.6
Олег Петріш,False,109,132,148,127.6
Катерина Анатоліїш,True,146,130,100,127.4
Олена Анатоліїш,False,113,164,110,127.4
Марія Володимириш,False,140,120,118,127.4
Максим Дмитришенко,False,139,122,117,127.30000000000001
Ірина Володимириш,True,109,166,113,127.30000000000001
Віктор Наталіїш,False,133,145,102,127.3
Ніна Романіш,False,111,101,175,127.2
Юлія Неборачко,True,123,126,134,127.19999999999999
Ярослава Лідіїш,False,145,113,117,127.0
Максим Олениш,True,142,101,133,127.0
Ярослав Олегіш,True,102,107,180,126.9
Анастасія Маріїш,True,131,122,126,126.8
Наталія Товтиш,False,104,170,114,126.79999999999998
Ярослав Анниш,False,109,121,156,126.7
Павло Олениш,False,121,115,146,126.7
Олег Загвойко,False,108,157,121,126.60000000000001
Віктор Ілляш,False,130,115,133,126.4
Богдан Софіїш,True,142,125,107,126.4
Андрій Алібіба,True,106,158,122,126.4
Юлія Ігоріш,False,145,126,102,126.39999999999999
Лідія Іванниш,True,117,158,107,126.30000000000001
Богдан Сергіїш,False,100,154,133,126.1
Володимир Іванниш,True,138,132,104,126.00000000000001
Олег Тетяниш,True,110,142,131,125.89999999999999
Ярослав Вікторіїш,True,132,134,109,125.69999999999999
Олена Катериниш,False,149,111,109,125.6
Софія Анниш,False,113,159,109,125.6
Іванна Олексіїш,True,106,169,108,125.5
Олег Дмитришенко,True,112,152,117,125.5
Олена Олегіш,False,127,134,115,125.5
Роман Максиміш,True,135,131,107,125.4
Марта Олександріш,True,101,170,113,125.30000000000001
Лідія Тарасіш,False,119,134,125,125.3
Ярослава Романіш,False,103,113,167,125.19999999999999
Людмила Олексіїш,True,102,162,119,125.1
Ярослава Вікторіш,True,126,135,114,125.1
Іванна Анатоліїш,True,119,150,108,125.0
Ілля Олениш,True,106,142,133,124.9
Людмила Ярославиш,True,118,146,113,124.9
Артем Дмитріш,False,102,133,147,124.80000000000001
Тарас Товтиш,False,117,119,141,124.8
Андрій Оксаниш,False,101,105,176,124.7
Петро Андріїш,False,116,141,120,124.7
Ганна Олегіш,True,119,125,132,124.69999999999999
Ярослав Дмитришенко,False,133,132,106,124.60000000000001
Катерина Загвойко,False,115,135,127,124.6
Андрій Вікторіш,True,111,164,103,124.5
Лідія Олексіїш,True,102,122,157,124.5
Богдан Тетяниш,True,156,105,102,124.5
Олена Олениш,True,101,167,113,124.4
Людмила Маріїш,False,100,145,136,124.3
Наталія Богданіш,True,139,115,114,124.29999999999998
Ніна Іванниш,False,138,112,118,124.20000000000002
Ігор Софіїш,False,129,122,120,124.2
Ніна Тарасіш,False,107,136,135,124.1
Ярослава Іванниш,False,122,131,120,124.1
Ілля Олександріш,False,113,145,118,124.1
Вікторія Ігоріш,True,132,132,105,123.9
Андрій Володимириш,True,118,125,130,123.7
Віктор Анатоліїш,False,115,110,149,123.69999999999999
Петро Товтиш,True,108,167,100,123.30000000000001
Юлія Іриниш,True,105,131,140,123.3
Катерина Катериниш,False,128,137,103,123.20000000000002
Людмила Іванниш,True,136,123,106,123.10000000000001
Іван Олениш,False,109,122,143,123.1
Артем Катериниш,True,103,100,173,123.1
Віктор Максиміш,True,113,134,125,122.9
Анна Вікторіїш,False,119,140,111,122.89999999999999
Андрій Артеміш,True,124,106,138,122.80000000000001
Ілля Тарасіш,False,102,165,108,122.70000000000002
Роман Олениш,True,132,108,124,122.4
Андрій Іриниш,True,119,105,143,122.0
Андрій Анатоліїш,False,112,153,104,121.9
Ірина Анатоліїш,True,106,148,117,121.9
Оксана Ковтун,False,127,115,121,121.60000000000001
Іванна Тарасіш,False,123,121,120,121.5
Тарас Ілляш,True,144,111,102,121.5
Максим Олегіш,False,146,100,110,121.4
Сергій Ілляш,False,106,151,112,121.30000000000001
Тетяна Наталіїш,True,142,112,103,121.30000000000001
Ніна Олегіш,False,118,117,130,121.30000000000001
Людмила Анниш,False,103,102,165,121.3
Дмитро Ніниш,False,129,127,105,121.2
Петро Іванниш,True,120,104,140,121.2
Ярослав Маріїш,True,105,140,124,121.19999999999999
Анастасія Ілляш,False,115,119,131,120.99999999999999
Анна Олександріш,False,112,140,113,120.70000000000002
Ольга Неборачко,False,113,143,108,120.5
Олександр Андріїш,False,108,153,104,120.3
Ярослав Алібіба,True,107,117,141,120.2
Іван Петріш,False,143,110,100,120.2
Софія Ігоріш,False,143,101,109,120.19999999999999
Ірина Максиміш,True,117,117,127,120.0
Тетяна Маріїш,False,121,125,113,119.80000000000001
Богдан Дмитришенко,False,142,104,106,119.8
Павло Артеміш,False,126,126,105,119.7
Софія Ярославиш,False,117,102,140,119.4
Анатолій Володимириш,False,128,117,110,119.30000000000001
Вікторія Алібіба,True,118,121,119,119.19999999999999
Вікторія Петріш,True,119,112,126,119.0
Іванна Богданіш,True,100,105,158,118.9
Ілля Товтиш,False,106,138,117,118.9
Тетяна Олександріш,False,103,153,103,118.0
Олексій Іриниш,True,110,105,141,117.8
Ганна Тетяниш,False,123,110,118,117.6
Віктор Петріш,False,114,116,124,117.6
Людмила Іваниш,False,100,147,110,117.1
Софія Вікторіш,False,117,128,105,116.7
Володимир Іваниш,True,110,117,125,116.6
Тетяна Ілляш,False,115,112,123,116.5
Марія Оксаниш,True,100,134,121,116.49999999999999
Анатолій Олегіш,False,114,111,125,116.4
Ірина Андріїш,False,102,117,135,116.4
Олександр Лідіїш,True,117,107,125,116.4
Дмитро Ковтун,False,127,105,113,116.20000000000002
Олена Богданіш,False,103,114,136,116.2
Марта Ілляш,False,112,126,112,116.19999999999999
Артем Дмитришенко,True,101,143,109,116.0
Дмитро Максиміш,False,106,124,121,115.89999999999999
Андрій Олегіш,False,117,103,127,115.80000000000001
Сергій Анатоліїш,False,117,110,119,115.5
Андрій Петріш,False,109,129,110,115.3
Андрій Катериниш,True,108,115,125,115.2
Ілля Богданіш,True,101,143,104,114.50000000000001
Анна Іванниш,False,110,101,132,113.9
Катерина Людмилиш,True,101,113,130,113.30000000000001
Максим Максиміш,False,113,108,119,113.29999999999998
Ольга Алібіба,False,107,128,106,113.0
Михайло Олегіш,True,116,109,113,113.0
Михайло Маріїш,True,103,101,136,112.3
Марта Оксаниш,False,102,117,120,111.9
Анастасія Вікторіїш,False,112,107,116,111.7
Богдан Іванниш,False,102,106,129,111.29999999999998
Анатолій Ілляш,True,113,102,118,111.19999999999999
Марія Ілляш,True,118,105,107,110.80000000000001
Павло Неборачко,True,103,119,112,110.5
Юлія Алібіба,False,117,107,100,108.9
Роман Олександріш,False,105,115,107,108.6
Іван Артеміш,False,107,111,108,108.5
Михайло Володимириш,True,101,108,117,107.9
Анатолій Лідіїш,False,106,110,108,107.80000000000001
Катерина Іваниш,False,102,117,106,107.7
Петро Ярославиш,False,103,111,107,106.6
Оксана Олексіїш,False,107,103,104,104.9
Ілля Максиміш,False,103,107,100,103.30000000000001
